name,Gender,Face_Diameter,Glass_material,Wire_material,Apparatus,Waterproof,Origin,agency,Price
GA-2100-4ADR, Nam,45.4mm, khoáng (Mineral Glass),Dây kim loại (Custom),Pin (Quartz),20ATM,Nhật Bản, Casio,5695200
GA-2100-4ADR, Nam,45.4mm, khoáng (Mineral Glass),Dây kim loại (Custom),Pin (Quartz),20ATM,Nhật Bản, Casio,5695200
GA-2100-4ADR, Nam,45.4 mm, khoáng (Mineral Glass),Dây cao su (Custom),Pin (Quartz),20ATM,Nhật Bản, Casio,5515200
GA-B2100-1ADR, Nam,45.4mm, khoáng (Mineral Glass),Dây nhựa,Tough Solar (Năng lượng mặt trời),20ATM,Nhật Bản, Casio,4752000
GA-2100-4ADR, Nam,45.4 mm, khoáng (Mineral Glass),Dây cao su (Custom),Pin (Quartz),20ATM,Nhật Bản, Casio,5515200
GA-2100-4ADR, Nam,45.4 mm, khoáng (Mineral Glass),Dây cao su (Custom),Pin (Quartz),20ATM,Nhật Bản, Casio,5515200
GA-2100-4ADR, Nam,45.4 mm, khoáng (Mineral Glass),Dây cao su (Custom),Pin (Quartz),20ATM,Nhật Bản, Casio,5515200
GA-2110ET-2ADR, Nam,45.4mm, khoáng (Mineral Glass),Dây kim loại (Custom),Pin (Quartz),20ATM,Nhật Bản, Casio,5950800
GA-2100-4ADR, Nam,45.4 mm, khoáng (Mineral Glass),Dây cao su (Custom),Pin (Quartz),20ATM,Nhật Bản, Casio,5515200
GA-2100-4ADR, Nam,45.4 mm, khoáng (Mineral Glass),Dây cao su (Custom),Pin (Quartz),20ATM,Nhật Bản, Casio,5515200
GA-2110ET-2ADR, Nam,45.4 mm, khoáng (Mineral Glass),Dây cao su (Custom),Pin (Quartz),20ATM,Nhật Bản, Casio,5770800
GA-2110ET-2ADR, Nam,45.4 mm, khoáng (Mineral Glass),Dây cao su (Custom),Pin (Quartz),20ATM,Nhật Bản, Casio,5770800
GA-2110ET-2ADR, Nam,45.4 mm, khoáng (Mineral Glass),Dây cao su (Custom),Pin (Quartz),20ATM,Nhật Bản, Casio,5770800
GA-2110ET-2ADR, Nam,45.4 mm, khoáng (Mineral Glass),Dây kim loại (Custom),Pin (Quartz),20ATM,Nhật Bản, Casio,5950800
GA-2110ET-2ADR, Nam,45.4 mm, khoáng (Mineral Glass),Dây kim loại (Custom),Pin (Quartz),20ATM,Nhật Bản, Casio,5950800
GA-2110ET-2ADR, Nam,45.4mm, khoáng (Mineral Glass),Dây cao su (Custom),Pin (Quartz),20ATM,Nhật Bản, Casio,5770800
GA-2110ET-2ADR, Nam,45.4 mm, khoáng (Mineral Glass),Dây kim loại (Custom),Pin (Quartz),20ATM,Nhật Bản, Casio,5950800
GA-2110ET-2ADR, Nam,45.4mm, khoáng (Mineral Glass),Dây cao su (Custom),Pin (Quartz),20ATM,Nhật Bản, Casio,5770800
GA-2110ET-2ADR, Nam,45.4mm, khoáng (Mineral Glass),Dây cao su (Custom),Pin (Quartz),20ATM,Nhật Bản, Casio,5770800
GA-2110ET-2ADR, Nam,45.4mm, khoáng (Mineral Glass),Dây cao su (Custom),Pin (Quartz),20ATM,Nhật Bản, Casio,5770800
GA-2100NN-1ADR, Nam,45.4 mm, khoáng (Mineral Glass),Dây cao su (Custom),Pin (Quartz),20ATM,Nhật Bản, Casio,5770800
GA-2100NN-1ADR, Nam,45.4 mm, khoáng (Mineral Glass),Dây cao su (Custom),Pin (Quartz),20ATM,Nhật Bản, Casio,5770800
GA-2100NN-1ADR, Nam,45.4 mm, khoáng (Mineral Glass),Dây cao su (Custom),Pin (Quartz),20ATM,Nhật Bản, Casio,5770800
GA-2100NN-1ADR, Nam,45.4 mm, khoáng (Mineral Glass),Dây cao su (Custom),Pin (Quartz),20ATM,Nhật Bản, Casio,5770800
GA-2110ET-2ADR, Nam,45.4mm, khoáng (Mineral Glass),Dây nhựa,Pin (Quartz),20ATM,Nhật Bản, Casio,3520800
GA-2100NN-1ADR, Nam,45.4mm, khoáng (Mineral Glass),Dây kim loại (Custom),Pin (Quartz),20ATM,Nhật Bản, Casio,5950800
GA-2100NN-1ADR, Nam,45.4mm, khoáng (Mineral Glass),Dây kim loại (Custom),Pin (Quartz),20ATM,Nhật Bản, Casio,5950800
GA-2100NN-1ADR, Nam,45.4mm, khoáng (Mineral Glass),Dây cao su (Custom),Pin (Quartz),20ATM,Nhật Bản, Casio,5770800
GA-2100NN-1ADR, Nam,45.4mm, khoáng (Mineral Glass),Dây cao su (Custom),Pin (Quartz),20ATM,Nhật Bản, Casio,5770800
GA-2100NN-1ADR, Nam,45.4mm, khoáng (Mineral Glass),Dây nhựa,Pin (Quartz),20ATM,Nhật Bản, Casio,3520800
GA-2100SC-4ADR-DI, Nam,45.4 mm, khoáng (Mineral Glass),Dây cao su (Custom),Pin (Quartz),20ATM,Nhật Bản, Casio,5759100
GA-2100SC-4ADR-DI, Nam,45.4 mm, khoáng (Mineral Glass),Dây cao su (Custom),Pin (Quartz),20ATM,Nhật Bản, Casio,5759100
GA-2100SC-4ADR-DI, Nam,45.4 mm, khoáng (Mineral Glass),Dây cao su (Custom),Pin (Quartz),20ATM,Nhật Bản, Casio,5759100
GA-2100SC-4ADR-DI, Nam,45.4 mm, khoáng (Mineral Glass),Dây kim loại (Custom),Pin (Quartz),20ATM,Nhật Bản, Casio,5939100
GA-2100SC-4ADR-DI, Nam,45.4 mm, khoáng (Mineral Glass),Dây kim loại (Custom),Pin (Quartz),20ATM,Nhật Bản, Casio,5939100
GA-2100SC-4ADR-DI, Nam,45.4 mm, khoáng (Mineral Glass),Dây cao su (Custom),Pin (Quartz),20ATM,Nhật Bản, Casio,5759100
GA-2100SC-4ADR-DI, Nam,45.4 mm, khoáng (Mineral Glass),Dây kim loại (Custom),Pin (Quartz),20ATM,Nhật Bản, Casio,5939100
GA-2100SC-4ADR-DI, Nam,45.4 mm, khoáng (Mineral Glass),Dây cao su (Custom),Pin (Quartz),20ATM,Nhật Bản, Casio,5759100
GA-2100SC-4ADR-DI, Nam,45.4 mm, khoáng (Mineral Glass),Dây cao su (Custom),Pin (Quartz),20ATM,Nhật Bản, Casio,5759100
GA-2100SC-4ADR-DI, Nam,45.4 mm, khoáng (Mineral Glass),Dây cao su (Custom),Pin (Quartz),20ATM,Nhật Bản, Casio,5759100
GA-2100SC-4ADR-DI, Nam,45.4 mm, khoáng (Mineral Glass),Dây cao su (Custom),Pin (Quartz),20ATM,Nhật Bản, Casio,5759100
GA-2100SC-4ADR-DI, Nam,45.4 mm, khoáng (Mineral Glass),Dây kim loại (Custom),Pin (Quartz),20ATM,Nhật Bản, Casio,5939100
GA-2100SC-4ADR_DI, Nam,45.4mm, khoáng (Mineral Glass),Dây nhựa,Pin (Quartz),20ATM,Nhật Bản, Casio,3509100
GA-2100BWP-2ADR, Nam,45.4mm, khoáng (Mineral Glass),Dây cao su (Custom),Pin (Quartz),20ATM,Nhật Bản, Casio,6447600
GA-2100BWP-2ADR, Nam,45.4mm, khoáng (Mineral Glass),Dây cao su (Custom),Pin (Quartz),20ATM,Nhật Bản, Casio,6447600
GA-B2100C-9ADR, Nam,45.4mm, khoáng (Mineral Glass),Dây kim loại (Custom),Pin (Quartz),20ATM,Nhật Bản, Casio,7404300
GA-B2100C-9ADR, Nam,45.4mm, khoáng (Mineral Glass),Dây cao su (Custom),Tough Solar (Năng lượng mặt trời),20ATM,Nhật Bản, Casio,7224300
BL1869-10MWWB, Nam,40.0mm, Sapphire,Dây da,QuartzJapan,20ATM,Đức, Bentley,4009500
T006.428.11.052.00, Nam,39.5mm, Sapphire,Dây kim loại,Đồng hồ cơ (Automatic),3ATM,Thụy Sĩ, Tissot,15678000
GA-2100BP-1ADR, Nam,45.4mm, khoáng (Mineral Glass),Dây kim loại (Custom),Pin (Quartz),20ATM,Nhật Bản, Casio,5695200
GA-2100BWP-2ADR, Nam,45.4mm, khoáng (Mineral Glass),Dây cao su (Custom),Pin (Quartz),20ATM,Nhật Bản, Casio,6447600
GA-2100BWP-2ADR, Nam,45.4mm, khoáng (Mineral Glass),Dây kim loại (Custom),Pin (Quartz),20ATM,Nhật Bản, Casio,6627600
GA-2100BWP-2ADR, Nam,45.4mm, khoáng (Mineral Glass),Dây kim loại (Custom),Pin (Quartz),20ATM,Nhật Bản, Casio,6627600
GA-2100BWP-2ADR, Nam,45.4mm, khoáng (Mineral Glass),Dây kim loại (Custom),Pin (Quartz),20ATM,Nhật Bản, Casio,6627600
GA-2100BWP-2ADR, Nam,45.4mm, khoáng (Mineral Glass),Dây cao su (Custom),Pin (Quartz),20ATM,Nhật Bản, Casio,6447600
GA-2100BWP-2ADR, Nam,45.4mm, khoáng (Mineral Glass),Dây cao su (Custom),Pin (Quartz),20ATM,Nhật Bản, Casio,6447600
GA-B2100-3ADR, Nam,45.4mm, khoáng (Mineral Glass),Dây cao su (Custom),Pin (Quartz),20ATM,Nhật Bản, Casio,6930000
GA-2100BWP-2ADR, Nam,45.4mm, khoáng (Mineral Glass),Dây cao su (Custom),Pin (Quartz),20ATM,Nhật Bản, Casio,6447600
GA-B2100-3ADR, Nam,45.4mm, khoáng (Mineral Glass),Dây cao su (Custom),Pin (Quartz),20ATM,Nhật Bản, Casio,6930000
GA-2100BWP-2ADR, Nam,45.4mm, khoáng (Mineral Glass),Dây nhựa,Pin (Quartz),20ATM,Nhật Bản, Casio,4197600
GA-2100SU-3ADR, Nam,45.4 mm, khoáng (Mineral Glass),Dây kim loại (Custom),Pin (Quartz),20ATM,Nhật Bản, Casio,5950800
GA-2100SU-3ADR, Nam,45.4 mm, khoáng (Mineral Glass),Dây kim loại (Custom),Pin (Quartz),20ATM,Nhật Bản, Casio,5950800
GA-2100SU-3ADR, Nam,45.4 mm, khoáng (Mineral Glass),Dây kim loại (Custom),Pin (Quartz),20ATM,Nhật Bản, Casio,5950800
GA-2100SU-3ADR, Nam,45.4 mm, khoáng (Mineral Glass),Dây kim loại (Custom),Pin (Quartz),20ATM,Nhật Bản, Casio,5950800
GA-2100SU-3ADR, Nam,45.4 mm, khoáng (Mineral Glass),Dây cao su (Custom),Pin (Quartz),20ATM,Nhật Bản, Casio,5770800
GA-2100SU-3ADR, Nam,45.4 mm, khoáng (Mineral Glass),Dây cao su (Custom),Pin (Quartz),20ATM,Nhật Bản, Casio,5770800
GA-2100SU-3ADR, Nam,45.4 mm, khoáng (Mineral Glass),Dây cao su (Custom),Pin (Quartz),20ATM,Nhật Bản, Casio,5770800
GA-2100SU-3ADR, Nam,45.4 mm, khoáng (Mineral Glass),Dây cao su (Custom),Pin (Quartz),20ATM,Nhật Bản, Casio,5770800
GA-2100SU-3ADR, Nam,45.4 mm, khoáng (Mineral Glass),Dây cao su (Custom),Pin (Quartz),20ATM,Nhật Bản, Casio,5770800
GA-B2100-3ADR, Nam,45.4mm, khoáng (Mineral Glass),Dây kim loại (Custom),Pin (Quartz),20ATM,Nhật Bản, Casio,7110000
GA-2100SKE-7ADR, Nam,45.4mm, khoáng (Mineral Glass),Dây Kim loại (Custom),Pin (Quartz),20ATM,Nhật Bản, Casio,5858100
GA-2100SKE-7ADR, Nam,45.4mm, khoáng (Mineral Glass),Dây Kim loại (Custom),Pin (Quartz),20ATM,Nhật Bản, Casio,5858100
GA-2100SKE-7ADR, Nam,45.4mm, khoáng (Mineral Glass),Dây cao su (Custom),Pin (Quartz),20ATM,Nhật Bản, Casio,5678100
GA-2100SKE-7ADR, Nam,45.4mm, khoáng (Mineral Glass),Dây cao su (Custom),Pin (Quartz),20ATM,Nhật Bản, Casio,5678100
GA-2100SKE-7ADR, Nam,45.4mm, khoáng (Mineral Glass),Dây cao su (Custom),Pin (Quartz),20ATM,Nhật Bản, Casio,5678100
GA-2100SKE-7ADR, Nam,45.4mm, khoáng (Mineral Glass),Dây cao su (Custom),Pin (Quartz),20ATM,Nhật Bản, Casio,5678100
GA-2100SKE-7ADR, Nam,45.4mm, khoáng (Mineral Glass),Dây cao su (Custom),Pin (Quartz),20ATM,Nhật Bản, Casio,5678100
GA-2100SKE-7ADR, Nam,45.4mm, khoáng (Mineral Glass),Dây cao su (Custom),Pin (Quartz),20ATM,Nhật Bản, Casio,5678100
GA-2100SKE-7ADR, Nam,45.4mm, khoáng (Mineral Glass),Dây cao su (Custom),Pin (Quartz),20ATM,Nhật Bản, Casio,5678100
GA-2100SKE-7ADR, Nam,45.4mm, khoáng (Mineral Glass),Dây nhựa,Pin (Quartz),20ATM,Nhật Bản, Casio,3428100
GA-2100-1A1DR, Nam,45.4mm, khoáng (Mineral Glass),Dây cao su (Custom),Pin (Quartz),20ATM,Nhật Bản, Casio,5515200
GA-2100-1A1DR, Nam,45.4mm, khoáng (Mineral Glass),Dây cao su (Custom),Pin (Quartz),20ATM,Nhật Bản, Casio,5515200
GA-2100-1A1DR, Nam,45.4mm, khoáng (Mineral Glass),Dây cao su (Custom),Pin (Quartz),20ATM,Nhật Bản, Casio,5515200
GA-2100-1A1DR, Nam,45.4mm, khoáng (Mineral Glass),Dây cao su (Custom),Pin (Quartz),20ATM,Nhật Bản, Casio,5515200
GA-2100-1A1DR, Nam,45.4mm, khoáng (Mineral Glass),Dây cao su (Custom),Pin (Quartz),20ATM,Nhật Bản, Casio,5515200
GA-2100-1A3DR, Nam,45.4mm, khoáng (Mineral Glass),Dây kim loại (Custom),Pin (Quartz),20ATM,Nhật Bản, Casio,5695200
GA-2100-1A1DR, Nam,45.4mm, khoáng (Mineral Glass),Dây cao su (Custom),Pin (Quartz),20ATM,Nhật Bản, Casio,5515200
GA-2100-1A1DR, Nam,45.4mm, khoáng (Mineral Glass),Dây cao su (Custom),Pin (Quartz),20ATM,Nhật Bản, Casio,5515200
GA-2100-1A1DR, Nam,45.4mm, khoáng (Mineral Glass),Dây cao su (Custom),Pin (Quartz),20ATM,Nhật Bản, Casio,5515200
GA-2100-1A1DR, Nam,45.4mm, khoáng (Mineral Glass),Dây kim loại (Custom),Pin (Quartz),20ATM,Nhật Bản, Casio,5695200
GA-2100-1A1DR, Nam,45.4mm, khoáng (Mineral Glass),Dây kim loại (Custom),Pin (Quartz),20ATM,Nhật Bản, Casio,5695200
GA-2100-1A2DR, Nam,45.4mm, khoáng (Mineral Glass),Dây kim loại (Custom),Pin (Quartz),20ATM,Nhật Bản, Casio,5695200
GA-2100-1A2DR, Nam,45.4mm, khoáng (Mineral Glass),Dây cao su (Custom),Pin (Quartz),20ATM,Nhật Bản, Casio,5515200
GA-2100-1A2DR, Nam,45.4mm, khoáng (Mineral Glass),Dây kim loại (Custom),Pin (Quartz),20ATM,Nhật Bản, Casio,5695200
GA-2100-1A2DR, Nam,45.4mm, khoáng (Mineral Glass),Dây cao su (Custom),Pin (Quartz),20ATM,Nhật Bản, Casio,5515200
GA-2100-1A2DR, Nam,45.4mm, khoáng (Mineral Glass),Dây cao su (Custom),Pin (Quartz),20ATM,Nhật Bản, Casio,5695200
GA-2100-1A2DR, Nam,45.4mm, khoáng (Mineral Glass),Dây cao su (Custom),Pin (Quartz),20ATM,Nhật Bản, Casio,5515200
GA-2100-1A2DR, Nam,45.4mm, khoáng (Mineral Glass),Dây cao su (Custom),Pin (Quartz),20ATM,Nhật Bản, Casio,5515200
GA-2100-1A2DR, Nam,45.4mm, khoáng (Mineral Glass),Dây cao su (Custom),Pin (Quartz),20ATM,Nhật Bản, Casio,5515200
GA-2100-1A2DR, Nam,45.4mm, khoáng (Mineral Glass),Dây cao su (Custom),Pin (Quartz),20ATM,Nhật Bản, Casio,5515200
GA-2100-1A2DR, Nam,45.4mm, khoáng (Mineral Glass),Dây cao su (Custom),Pin (Quartz),20ATM,Nhật Bản, Casio,5515200
MTP-1381D-7AVDF, Nam,38 mm, khoáng (Mineral Glass),Dây kim loại,Pin (Quartz),5ATM,Nhật Bản, Casio,1539000
MTP-1375L-7AVDF, Nam,42mm, khoáng (Mineral Glass),Dây da,Pin (Quartz),5ATM,Nhật Bản, Casio,1889100
MTP-1375D-7AVDF, Nam,42.0 mm, Mineral,Dây kim loại,Quartz (Pin),5ATM,Nhật Bản, Casio,1959300
MTP-1375D-7A2VDF, Nam,42.0 mm, Mineral,Dây kim loại,Quartz (Pin),5ATM,Nhật Bản, Casio,1959300
MTP-VT01GL-1B2UDF, Nam,40mm, khoáng (Mineral Glass),Dây da,Pin (Quartz),3ATM,Nhật Bản, Casio,1118700
MTP-1375D-1AVDF, Nam,42.0 mm, Mineral,Dây kim loại,Quartz (Pin),3ATM,Nhật Bản, Casio,1959300
MTP-VT01D-7BUDF, Nam,40mm, khoáng (Mineral Glass),Dây kim loại,Pin (Quartz),3ATM,Nhật Bản, Casio,1050300
MTP-1374D-7AVDF, Nam,43.5 mm, Mineral,Dây kim loại,Quartz (Pin),5ATM,Nhật Bản, Casio,1959300
MTP-1374D-2AVDF, Nam,41.2 mm, Mineral,Dây kim loại,Quartz (Pin),5ATM,Nhật Bản, Casio,1959300
MTP-1374D-1AVDF, Nam,42.0 mm, Mineral,Dây kim loại,Quartz (Pin),5ATM,Nhật Bản, Casio,1959300
MTP-1370L-7AVDF, Nam,40.0 mm, Mineral,Dây da,Quartz (Pin),5ATM,Nhật Bản, Casio,1352700
MTP-1370L-1AVDF, Nam,39.8 mm, Mineral,Dây da,Quartz (Pin),5ATM,Nhật Bản, Casio,1352700
MTP-1370D-7A2VDF, Nam,38 mm, Mineral,Dây kim loại,Quartz (Pin),5ATM,Nhật Bản, Casio,1446300
MTP-V300G-9AUDF, Nam,38 mm, Mineral,Thép không gỉ,Quartz (Pin),3 ATM,Nhật Bản, Casio,1959300
MTP-V300G-7AUDF, Nam,38 mm, Mineral,Thép không gỉ,Quartz (Pin),3 ATM,Nhật Bản, Casio,1959300
MTP-1370D-1A2VDF, Nam,38.0 mm, Mineral,Dây kim loại,Quartz (Pin),5ATM,Nhật Bản, Casio,1446300
MTP-V300G-1AUDF, Nam,40 mm, Mineral,Thép không gỉ,Quartz (Pin),3 ATM,Nhật Bản, Casio,1959300
MTP-1370D-1A1VDF, Nam,38.0 mm, Mineral,Dây kim loại,Quartz (Pin),5ATM,Nhật Bản, Casio,1446300
MTP-1335D-7AVDF, Nam,38.0 mm, Mineral,Dây kim loại,Quartz (Pin),5ATM,Nhật Bản, Casio,1352700
MTP-V300D-7AUDF, Nam,40 mm, Mineral,Thép non,Quartz (Pin),3 ATM,Nhật Bản, Casio,1539000
MTP-V300D-1AUDF, Nam,41.5 mm, Mineral,Thép không gỉ,Quartz (Pin),3 ATM,Nhật Bản, Casio,1539000
MTP-V006L-7BUDF, Nam,38 mm, khoáng (Mineral Glass),Dây da,Pin (Quartz),3 ATM,Nhật Bản, Casio,770400
MTP-V006GL-7BUDF, Nam,38 mm, khoáng (Mineral Glass),Dây da,Pin (Quartz),3 ATM,Nhật Bản, Casio,838800
MTP-V005L-7B5UDF, Nam,40 mm, khoáng (Mineral Glass),Dây da,Pin (Quartz),1 ATM,Nhật Bản, Casio,688500
MTP-V005L-2B5UDF, Nam,40 mm, khoáng (Mineral Glass),Dây da,Pin (Quartz),3 ATM,Nhật Bản, Casio,676800
MTP-VT01D-2B2UDF, Nam,40mm, khoáng (Mineral Glass),Dây kim loại,Pin (Quartz),3 ATM,Nhật Bản, Casio,1118700
MTP-VT01BL-2BUDF, Nam,40mm, khoáng (Mineral Glass),Dây da,Pin (Quartz),3 ATM,Nhật Bản, Casio,1118700
MTP-VT01BL-1BUDF, Nam,40mm, khoáng (Mineral Glass),Dây da,Pin (Quartz),3 ATM,Nhật Bản, Casio,1118700
MTP-V005L-1B5UDF, Nam,40 mm, khoáng (Mineral Glass),Dây da,Pin (Quartz),1 ATM,Nhật Bản, Casio,676800
MTP-1335D-2A2VDF, Nam,41.5 mm, Mineral,Dây kim loại,Quartz (Pin),5ATM,Nhật Bản, Casio,1352700
MTP-VD300L-7EUDF, Nam,45mm, khoáng (Mineral Glass),Dây da,Pin (Quartz),3 ATM,Nhật Bản, Casio,1446300
MTP-1335D-1AVDF, Nam,38.0 mm, Mineral,Dây kim loại,Quartz (Pin),3 ATM,Nhật Bản, Casio,1352700
MTP-VD300L-1EUDF, Nam,45mm, khoáng (Mineral Glass),Dây da,Pin (Quartz),3 ATM,Nhật Bản, Casio,1446300
MTP-V005D-7B5UDF, Nam,40 mm, Mineral,Thép không gỉ,Quartz (Pin),3 ATM,Nhật Bản, Casio,770400
MTP-VD300BL-2EUDF, Nam,42mm, khoáng (Mineral Glass),Dây da,Pin (Quartz),5ATM,Nhật Bản, Casio,1631700
MTP-VD02L-1EUDF, Nam,41mm, khoáng (Mineral Glass),Dây da,Pin (Quartz),3 ATM,Nhật Bản, Casio,1026000
MTP-VD02G-9EUDF, Nam,45mm, khoáng (Mineral Glass),Dây kim loại,Pin (Quartz),3 ATM,Nhật Bản, Casio,1469700
MTP-VD02G-1EUDF, Nam,41mm, khoáng (Mineral Glass),Dây kim loại,Pin (Quartz),3 ATM,Nhật Bản, Casio,1469700
MTP-VD02D-7EUDF, Nam,41mm, khoáng (Mineral Glass),Dây kim loại,Pin (Quartz),3 ATM,Nhật Bản, Casio,1189800
MTP-1335D-1A2VDF, Nam,38.0 mm, Mineral,Dây kim loại,Quartz (Pin),3 ATM,Nhật Bản, Casio,1352700
MTP-VD02D-2EUDF, Nam,41mm, khoáng (Mineral Glass),Dây kim loại,Pin (Quartz),3 ATM,Nhật Bản, Casio,1189800
MTP-VD02D-1EUDF, Nam,41mm, khoáng (Mineral Glass),Dây kim loại,Pin (Quartz),3 ATM,Nhật Bản, Casio,1189800
MTP-V005D-2B5UDF, Nam,40 mm, Mineral,Thép không gỉ,Quartz (Pin),3 ATM,Nhật Bản, Casio,770400
MTP-VD02BL-3EUDF, Nam,41mm, khoáng (Mineral Glass),Dây da,Pin (Quartz),3 ATM,Nhật Bản, Casio,1118700
MTP-VD02BL-2EUDF, Nam,41mm, khoáng (Mineral Glass),Dây da,Pin (Quartz),3 ATM,Nhật Bản, Casio,1118700
MTP-VD01SG-9BVUDF, Nam,45mm, khoáng (Mineral Glass),Dây kim loại,Pin (Quartz),5ATM,Nhật Bản, Casio,1305900
MTP-VD01SG-1BVUDF, Nam,45mm, khoáng (Mineral Glass),Dây kim loại,Pin (Quartz),5ATM,Nhật Bản, Casio,1305900
MTP-1314L-8AVDF, Nam,45mm, khoáng (Mineral Glass),Dây da,Pin (Quartz),5ATM,Nhật Bản, Casio,1118700
MTP-VD01GL-1EVUDF, Nam,45mm, khoáng (Mineral Glass),Dây da,Pin (Quartz),5ATM,Nhật Bản, Casio,1050300
MTP-1314D-7AVDF, Nam,45.0 mm, Mineral,Dây kim loại,Quartz (Pin),5ATM,Nhật Bản, Casio,1212300
MTP-1314D-2AVDF, Nam,42.0 mm, Mineral,Dây kim loại,Quartz (Pin),5ATM,Nhật Bản, Casio,1212300
MTP-1314D-1AVDF, Nam,45.0 mm, Mineral,Dây kim loại,Quartz (Pin),5ATM,Nhật Bản, Casio,1212300
MTP-VD01G-9EVUDF, Nam,45mm, khoáng (Mineral Glass),Dây kim loại,Pin (Quartz),5ATM,Nhật Bản, Casio,1376100
MTP-1303SG-7AVDF, Nam,40.0 mm, Mineral,Dây kim loại,Quartz (Pin),5ATM,Nhật Bản, Casio,1631700
MTP-1308L-1AVDF, Nam,43.5 mm, Mineral,Dây da,Quartz (Pin),5ATM,Nhật Bản, Casio,1118700
MTP-V005D-2B4UDF, Nam,40 mm, Mineral,Thép không gỉ,Quartz (Pin),5 ATM,Nhật Bản, Casio,770400
MTP-1381G-1AVDF, Nam,39.9 mm, Mineral,Thép không gỉ,Quartz (Pin),5 ATM,Nhật Bản, Casio,1889100
MTP-V005D-1B4UDF, Nam,40 mm, Mineral,Thép không gỉ,Quartz (Pin),5 ATM,Nhật Bản, Casio,770400
MTP-V004D-7BUDF, Nam,42 mm, Mineral,Thép không gỉ,Quartz (Pin),3 ATM,Nhật Bản, Casio,838800
MTP-1303D-1AVDF, Nam,40.0mm, Mineral,Dây kim loại,Quartz (Pin),5ATM,Nhật Bản, Casio,1118700
MTP-V004D-2BUDF, Nam,41.5 mm, Mineral,Thép không gỉ ,Quartz (Pin),3 ATM,Nhật Bản, Casio,838800
MTP-VD01D-2EVUDF, Nam,45mm, khoáng (Mineral Glass),Dây kim loại,Pin (Quartz),5ATM,Nhật Bản, Casio,1143900
MTP-V002L-1BUDF, Nam,37 mm, khoáng (Mineral Glass),Dây da,Pin (Quartz),3 ATM,Nhật Bản, Casio,676800
MTP-V001L-7BUDF, Nam,38 mm, khoáng (Mineral Glass),Dây da,Pin (Quartz),3 ATM,Nhật Bản, Casio,583200
MTP-VD01D-2BVUDF, Nam,45mm, khoáng (Mineral Glass),Dây kim loại,Pin (Quartz),5ATM,Nhật Bản, Casio,1143900
MTP-VD01D-1EVUDF, Nam,45mm, khoáng (Mineral Glass),Dây kim loại,Pin (Quartz),5ATM,Nhật Bản, Casio,1143900
MTP-V001GL-1BUDF, Nam,38 mm, khoáng (Mineral Glass),Dây da,Pin (Quartz),3 ATM,Nhật Bản, Casio,653400
MTP-VD01D-1E2VUDF, Nam,45mm, khoáng (Mineral Glass),Dây kim loại,Pin (Quartz),5ATM,Nhật Bản, Casio,1143900
MTP-1302D-7A2VDF, Nam,38.5mm, Mineral,Dây kim loại,Quartz (Pin),5ATM,Nhật Bản, Casio,1212300
MTP-1384D-1AVDF, Nam,41 mm, khoáng (Mineral Glass),Dây da,Pin (Quartz),10 ATM,Nhật Bản, Casio,1905300
MTP-1302D-7A1VDF, Nam,38.5mm, Mineral,Dây kim loại,Quartz (Pin),5ATM,Nhật Bản, Casio,1212300
MTP-VD01D-1BVUDF, Nam,45mm, khoáng (Mineral Glass),Dây kim loại,Pin (Quartz),5ATM,Nhật Bản, Casio,1143900
MTP-V300L-7AUDF, Nam,38mm, khoáng (Mineral Glass),Dây da,Pin (Quartz),5ATM,Nhật Bản, Casio,1446300
MTP-1384D-7AVDF, Nam,41 mm, Mineral,Thép không gỉ,Quartz (Pin),10 ATM,Nhật Bản, Casio,2052000
MTP-1302D-1A1VDF, Nam,38.5mm, Mineral,Dây kim loại,Quartz (Pin),5ATM,Nhật Bản, Casio,1212300
MTP-1183Q-7ADF, Nam,38.0mm, Mineral,Dây da,Quartz (Pin),3 ATM,Nhật Bản, Casio,932400
MTP-1384D-7A2VDF, Nam,41 mm, Mineral,Thép không gỉ,Quartz (Pin),10 ATM,Nhật Bản, Casio,2052000
MTP-1384D-2AVDF, Nam,41 mm, Mineral,Thép không gỉ,Quartz (Pin),10 ATM,Nhật Bản, Casio,2052000
MTP-1384D-1AVDF, Nam,41 mm, Mineral,Thép không gỉ,Quartz (Pin),10 ATM,Nhật Bản, Casio,2052000
MTP-1381L-1AVDF, Nam,39.9mm, khoáng (Mineral Glass),Dây da,Pin (Quartz),5 ATM,Nhật Bản, Casio,1446300
MTP-1183E-7ADF, Nam,38.0mm, khoáng (Mineral Glass),Dây da,Pin (Quartz),3 ATM,Nhật Bản, Casio,864000
MTP-V300L-1AUDF, Nam,41.5mm, khoáng (Mineral Glass),Dây da,Pin (Quartz),3 ATM,Nhật Bản, Casio,1446300
MTP-1183G-7ADF, Nam,38.5mm, Mineral,Dây kim loại,Quartz (Pin),3 ATM,Nhật Bản, Casio,1422900
MTP-1183A-2ADF, Nam,38.5mm, Mineral,Dây kim loại,Quartz (Pin),3 ATM,Nhật Bản, Casio,1026000
MTP-1183A-1ADF, Nam,38.5mm, Mineral Crystal,Dây kim loại,Pin (Quartz),3 ATM,Nhật Bản, Casio,1026000
GA-2100-1A3DR, Nam,45.4mm, khoáng (Mineral Glass),Dây kim loại (Custom),Pin (Quartz),2 ATM,Nhật Bản, Casio,5695200
GA-2100-1A3DR, Nam,45.4mm, khoáng (Mineral Glass),Dây cao su (Custom),Pin (Quartz),2 ATM,Nhật Bản, Casio,5515200
GA-2110SU-9ADR, Nam,45mm, khoáng (Mineral Glass),Dây cao su,Pin (Quartz),2 ATM,Nhật Bản, Casio,3520800
GA-B2100-3ADR, Nam,45.4mm, khoáng (Mineral Glass),Dây kim loại (Custom),Tough Solar (Năng lượng mặt trời),2 ATM,Nhật Bản, Casio,7110000
GA-B2100-3ADR, Nam,45.4mm, khoáng (Mineral Glass),Dây kim loại (Custom),Tough Solar (Năng lượng mặt trời),2 ATM,Nhật Bản, Casio,7182000
GA-B2100-3ADR, Nam,45.4mm, khoáng (Mineral Glass),Dây cao su (Custom),Tough Solar (Năng lượng mặt trời),2 ATM,Nhật Bản, Casio,7002000
GA-B2100-3ADR, Nam,45.4mm, khoáng (Mineral Glass),Dây cao su (Custom),Tough Solar (Năng lượng mặt trời),2 ATM,Nhật Bản, Casio,7002000
GA-B2100-3ADR, Nam,45.4mm, khoáng (Mineral Glass),Dây cao su (Custom),Tough Solar (Năng lượng mặt trời),2 ATM,Nhật Bản, Casio,7002000
GA-B2100-3ADR, Nam,45.4mm, khoáng (Mineral Glass),Dây kim loại (Custom),Tough Solar (Năng lượng mặt trời),2 ATM,Nhật Bản, Casio,7182000
GA-B2100-3ADR, Nam,45.4mm, khoáng (Mineral Glass),Dây cao su (Custom),Tough Solar (Năng lượng mặt trời),2 ATM,Nhật Bản, Casio,7002000
GA-B2100-3ADR, Nam,45.4mm, khoáng (Mineral Glass),Dây cao su (Custom),Tough Solar (Năng lượng mặt trời),2 ATM,Nhật Bản, Casio,7002000
GA-2100-1A3DR, Nam,45.4mm, khoáng (Mineral Glass),Dây kim loại (Custom),Pin (Quartz),2 ATM,Nhật Bản, Casio,5695200
GA-2100-1A3DR, Nam,45.4mm, khoáng (Mineral Glass),Dây cao su(Custom),Pin (Quartz),2 ATM,Nhật Bản, Casio,5515200
CA-506G-9ADF, Nam,45.0mm, Mica,Thép không gỉ 316L,Pin (Quartz),3 ATM,Nhật Bản, Casio,2380500
GA-2100-1A3DR, Nam,45.4mm, khoáng (Mineral Glass),Dây kim loại (Custom),Pin (Quartz),20  ATM,Nhật Bản, Casio,5695200
GA-2100-1A3DR, Nam,45.4mm, khoáng (Mineral Glass),Dây cao su (Custom),Pin (Quartz),20  ATM,Nhật Bản, Casio,5515200
GA-B2100-3ADR, Nam,45.4mm, khoáng (Mineral Glass),Dây cao su,Tough Solar (Năng lượng mặt trời),20  ATM,Nhật Bản, Casio,4752000
GA-2100-1A3DR, Nam,45.4mm, khoáng (Mineral Glass),Dây cao su (Custom),Pin (Quartz),20  ATM,Nhật Bản, Casio,5515200
GA-2100-1A3DR, Nam,45.4mm, khoáng (Mineral Glass),Dây cao su (Custom),Pin (Quartz),20  ATM,Nhật Bản, Casio,5515200
GA-2100-1A3DR, Nam,45.4mm, khoáng (Mineral Glass),Dây cao su (Custom),Pin (Quartz),20  ATM,Nhật Bản, Casio,5515200
01.1543.111, Nam,44.0mm, Mineral,Dây da,Quartz Thụy Sỹ,10  ATM,Thụy Sỹ, Wenger,7227000
GA-2100-4ADR, Nam,45.4mm, khoáng (Mineral Glass),Dây kim loại (Custom),Pin (Quartz),20  ATM,Nhật Bản, Casio,5695200
241857, Nam,42 mm, Sapphire,Thép không gỉ,Quartz Japan,10  ATM,Thụy Sỹ, Victorinox,12267000
GA-2100-4ADR, Nam,45.4mm, khoáng (Mineral Glass),Dây cao su (Custom),Pin (Quartz),20  ATM,Nhật Bản, Casio,5515200
GA-2100-4ADR, Nam,45.4mm, khoáng (Mineral Glass),Dây cao su,Pin (Quartz),20  ATM,Nhật Bản, Casio,3265200
SNKE01J1, Nam,37mm, cứng,Thép không gỉ 316L,Cơ (Automatic),5ATM,Nhật Bản, Seiko,3600000
01.1041.134, Nam,41.0mm, Sapphire,Dây da,Quartz Thụy Sỹ,10  ATM,Thụy Sỹ, Wenger,4437000
GA-2100CA-8ADR, Nam,45.4mm, khoáng (Mineral Glass),Dây kim loại (Custom),Pin (Quartz),20  ATM,Nhật Bản, Casio,5787900
GA-2100CA-8ADR, Nam,45.4mm, khoáng (Mineral Glass),Dây cao su (Custom),Pin (Quartz),20  ATM,Nhật Bản, Casio,5607900
GA-2100CA-8ADR, Nam,45.4mm, khoáng (Mineral Glass),Dây cao su,Pin (Quartz),20  ATM,Nhật Bản, Casio,3357900
SK097AM – VT – MT, Nam,40mm, Sapphire,Dây kim loại,Miyota Japan,3  ATM,Đức, Starke,1657500
GA-2100-1A1DR, Nam,45.4mm, khoáng (Mineral Glass),Dây kim loại (Custom),Pin (Quartz),20  ATM,Nhật Bản, Casio,5695200
GA-2100-1A1DR, Nam,45.4mm, khoáng (Mineral Glass),Dây cao su (Custom),Pin (Quartz),20  ATM,Nhật Bản, Casio,5515200
GA-2100-1A1DR, Nam,45.4mm, khoáng (Mineral Glass),Dây cao su,Pin (Quartz),20  ATM,Nhật Bản, Casio,3265200
BL1850-15MTDI, Nam,42mm, cong Sapphire,Thép không gỉ 316L mạ vàng PVD,AutomaticJapan,5  ATM,Đức, Bentley,8301420
98A213, Nam,42.0mm, Sapphire,Dây kim loại,Automatic,10  ATM,Mỹ, Bulova,10215000
98D154, Nam,38.0mm, Mineral,Dây kim loại,Quartz,3  ATM,Mỹ, Bulova,7650000
GA-2100BP-1ADR, Nam,45.4mm, khoáng (Mineral Glass),Dây kim loại (Custom),Pin (Quartz),20  ATM,Nhật Bản, Casio,5695200
GA-2100BP-1ADR, Nam,45.4mm, khoáng (Mineral Glass),Dây cao su (Custom),Pin (Quartz),20  ATM,Nhật Bản, Casio,5515200
GA-2100BP-1ADR, Nam,45.4mm, khoáng (Mineral Glass),Dây cao su,Pin (Quartz),20  ATM,Nhật Bản, Casio,3265200
BL1862-15MTWI, Nam,40mm, Sapphire,Dây kim loại,AutomaticJapan,5  ATM,Đức, Bentley,7801200
GA-2100-1A3DR, Nam,45.4mm, khoáng (Mineral Glass),Dây kim loại (Custom),Pin (Quartz),20  ATM,Nhật Bản, Casio,5695200
GA-2100-1A3DR, Nam,45.4mm, khoáng (Mineral Glass),Dây cao su (Custom),Pin (Quartz),20  ATM,Nhật Bản, Casio,5515200
GA-2100-1A3DR, Nam,45.4mm, khoáng (Mineral Glass),Dây cao su,Pin (Quartz),20  ATM,Nhật Bản, Casio,3265200
GA-2100-1A2DR, Nam,45.4mm, khoáng (Mineral Glass),Dây kim loại mạ vàng PVD (Custom),Pin (Quartz),20  ATM,Nhật Bản, Casio,5695200
GA-2100-1A2DR, Nam,45.4mm, khoáng (Mineral Glass),Dây cao su (Custom),Pin (Quartz),20  ATM,Nhật Bản, Casio,5515200
GA-2100-1A2DR, Nam,45.4mm, khoáng (Mineral Glass),Dây cao su,Pin (Quartz),20  ATM,Nhật Bản, Casio,3265200
GA-2100VB-1ADR, Nam,45.4mm, khoáng (Mineral Glass),Dây kim loại (Custom),Pin (Quartz),20  ATM,Nhật Bản, Casio,5695200
GA-2100VB-1ADR, Nam,45.4mm, khoáng (Mineral Glass),Dây cao su (Custom),Pin (Quartz),20  ATM,Nhật Bản, Casio,5515200
GA-2100VB-1ADR, Nam,45.4mm, khoáng (Mineral Glass),Dây cao su,Pin (Quartz),20  ATM,Nhật Bản, Casio,3265200
FS5790, Nam,44.0mm, Mineral,Dây da,Quartz (Pin),5  ATM,Mỹ, Fossil,4221000
BQ2466SET, Nam,44.0mm, Mineral,Dây kim loại,Quartz (Pin),5  ATM,Mỹ, Fossil,4275000
BQ2404, Nam,44.0mm, Mineral,Dây da,Quartz (Pin),5  ATM,Mỹ, Fossil,4221000
BQ2402, Nam,44.0mm, Mineral,Dây da,Quartz (Pin),5  ATM,Mỹ, Fossil,4221000
BQ2427, Nam,45.0mm, Mineral,Dây da,Automatic (Cơ),30 ATM,Mỹ, Fossil,7997400
BQ2382, Nam,48.0mm, Mineral,Dây da,Automatic (Cơ),5  ATM,Mỹ, Fossil,6048000
FS5473, Nam,41.0mm, Mineral,Dây da,Quartz (Pin),3  ATM,Mỹ, Fossil,3366000
BQ1704, Nam,41.0mm, Mineral,Dây da,Quartz (Pin),50 ATM,Mỹ, Fossil,4221000
AQ-S810W-1A4VDF, Nam,46.6mm, Nhựa,Dây da,Tough Solar,10ATM,Nhật Bản, Casio,1982700
RA-AK0010B10B, Nam,42.0mm, Sapphire,Dây da,Automatic Japan,5  ATM,Nhật Bản, Orient,11160000
BQ1009, Nam,42.0mm, Mineral,Dây da,Quartz (Pin),5  ATM,Mỹ, Fossil,4464000
RA-AK0309B10B, Nam,41.5mm, Sapphire,Dây da,Automatic Japan,5  ATM,Nhật Bản, Orient,9279000
RA-AS0002B00B, Nam,42.0mm, Khoáng,Dây da,Automatic Japan,5  ATM,Nhật Bản, Orient,13842000
RA-AS0004S00B, Nam,42.0mm, Sapphire,Dây da,Automatic Japan,5  ATM,Nhật Bản, Orient,12699000
RA-AS0005S00B, Nam,42.0mm, Sapphire,Dây da,Automatic Japan,5  ATM,Nhật Bản, Orient,11808000
RA-AS0001S00B, Nam,42mm, Sapphire,Dây da,Automatic Japan,5  ATM,Nhật Bản, Orient,14004000
RA-AS0003S00B, Nam,42mm, Khoáng,Dây da,Automatic Japan,5  ATM,Nhật Bản, Orient,12780000
RA-AS0102S10B, Nam,41.5mm, Mineral,Dây da,Automatic Japan,3  ATM,Nhật Bản, Orient,10341000
RA-AS0103A10B, Nam,41.5mm, Mineral,Dây da,Automatic Japan,3  ATM,Nhật Bản, Orient,10341000
RA-AS0101S10B, Nam,41.5mm, Mineral,Dây kim loại,Automatic Japan,3  ATM,Nhật Bản, Orient,11565000
RA-AS0010S10B, Nam,41.0mm, Sapphire,Dây kim loại,Automatic Japan,5  ATM,Nhật Bản, Orient,13599000
RA-AS0009S10B, Nam,41.0mm, Sapphire,Dây da,Automatic Japan,5  ATM,Nhật Bản, Orient,13680000
RA-AS0007S10B, Nam,42.0mm, Sappire,Dây kim loại,Automatic Japan,5  ATM,Nhật Bản, Orient,14985000
RA-AS0011S10B, Nam,42.0mm, Sapphire,Dây da,Automatic Japan,5  ATM,Nhật Bản, Orient,12699000
RA-AS0008B10B, Nam,42 mm, Sapphire,Dây kim loại,Automatic Japan,5  ATM,Nhật Bản, Orient,13842000
RA-AK0302B10B, Nam,39.4 mm, Cứng,Dây kim loại,Automatic Japan,3  ATM,Nhật Bản, Orient,4878000
SNZG13J1, Nam,42.0mm, Mineral,Dây kim loại,Automatic (Cơ),100M,Nhật Bản, Seiko,4797000
RA-AK0507L10B, Nam,39.0mm, Sappire,Dây kim loại,Automatic Japan,3  ATM,Nhật Bản, Orient,4878000
RA-AK0508S10B, Nam,39.4mm, khoáng,Dây kim loại,Automatic Japan,3  ATM,Nhật Bản, Orient,4878000
RA-AK0310S10B, Nam,41.5mm, Sappire,Dây kim loại,Automatic Japan,3  ATM,Nhật Bản, Orient,8712000
ME3162, Nam,42.0mm, Mineral,Dây da,Automatic (Cơ),3  ATM,Mỹ, Fossil,4743000
RA-AK0308L10B, Nam,41.5mm, Sappire,Dây kim loại,Automatic Japan,5  ATM,Lắp rápNhật Bản, Orient,9693000
FS5536, Nam,44.0mm, Mineral,Dây cao su,Quartz (Pin),5  ATM,Mỹ, Fossil,2408400
RA-AK0306S10B, Nam,41.5mm, Sappire,Dây kim loại,Automatic Japan,5  ATM,Nhật Bản, Orient,9693000
FS5599, Nam,44.0mm, Mineral,Dây da,Quartz (Pin),5  ATM,Mỹ, Fossil,3861000
FS5276, Nam,42.0mm, Mineral,Dây da,Quartz (Pin),5  ATM,Mỹ, Fossil,2754900
ME3159, Nam,42.0mm, Mineral,Dây da,Automatic (Cơ),5  ATM,Mỹ, Fossil,6642000
FS5342, Nam,44.0mm, Mineral,Dây da,Quartz (Pin),5  ATM,Mỹ, Fossil,4140000
RA-AK0011D10B, Nam,42.0mm, Sappire,Dây kim loại,Automatic Japan,5  ATM,Nhật Bản, Orient,11160000
RA-AK0009T10B, Nam,42.0mm, Sappire,Dây kim loại,Automatic Japan,5  ATM,Nhật Bản, Orient,12132000
RA-AK0008S10B, Nam,42.0mm, Sappire,Dây kim loại,Automatic Japan,5  ATM,Nhật Bản, Orient,11160000
RA-AK0304B10B, Nam,41.5mm, Sappire,Dây kim loại,Automatic Japan,5  ATM,Nhật Bản, Orient,9279000
RA-AK0302B10B, Nam,41.5mm, Sappire,Dây kim loại,Automatic Japan,5  ATM,Nhật Bản, Orient,9036000
RA-AK0301S10B, Nam,41.5mm, Sappire,Dây kim loại,Automatic Japan,5  ATM,Nhật Bản, Orient,9036000
RA-AK0507L10B, Nam,39.0mm, Sappire,Dây kim loại,Automatic Japan,3  ATM,Nhật Bản, Orient,4878000
ECB-S100D-1ADF, Nam,46mm, Sappire,Dây kim loại,Automatic,100M,Nhật Bản, Casio,6995700
RA-AK0303L10B, Nam,41.5mm, Sappire,Dây kim loại,Automatic,5  ATM,Nhật Bản, Orient,9036000
RA-AK0305S10B, Nam,41.5mm, Sappire,Dây kim loại,Automatic Japan,5  ATM,Nhật Bản, Orient,8712000
BQ2382, Nam,48mm, Mineral,Dây da,Automatic (Tự động),5  ATM,Mỹ, Fossil,6048000
96A224, Nam,41.0mm, Mineral,Dây da,Automatic,5  ATM,Mỹ, Bulova,10260000
RA-AC0F09L10B, Nam,41.5mm, Sappire,Dây kim loại,Automatic Japan,5  ATM,Nhật Bản, Orient,7065000
AC0006B10B, Nam,41mm, Mineral,Dây kim loại,Automatic Japan,3  ATM,Nhật Bản, Orient,7407000
98A165, Nam,43.0mm, Mineral,Dây da,Automatic,10  ATM,Mỹ, Bulova,10800000
W-219H-4AVDF, Nam,47.0mm, nhựa,Dây cao su,Pin (QUARTZ),5  ATM,Nhật Bản, Casio,770400
AE-1200WHD-1AVDF, Nam,45 mm x 42.1 mm, Resin Glass,Dây kim loại,Quartz (Pin),10  ATM,Nhật Bản, Casio,1098400
AN8167-53X, Nam,44.0mm, Mineral,Dây kim loại,Quartz (Pin),5  ATM,Nhật Bản, Citizen,4590000
AW1526-89X, Nam,44.0mm, Mineral,Dây kim loại,Eco-Drive (Năng lượng ánh sáng),10  ATM,Nhật Bản, Citizen,5976000
AG8358-87A, Nam,39.0mm, Mineral,Dây kim loại,Quartz (Pin),5  ATM,Nhật Bản, Citizen,3834000
AN3604-58A, Nam,44.0mm, Mineral,Dây kim loại,Quartz (Pin),10  ATM,Nhật Bản, Citizen,5490000
NH8363-14A, Nam,41.0mm, Mineral,Dây da,Automatic (Tự động),5  ATM,Nhật Bản, Citizen,5386500
AN8168-51H, Nam,44.0mm, Mineral,Dây kim loại,Quartz (Pin),5  ATM,Nhật Bản, Citizen,4230000
BJ7138-04E, Nam,42.0mm, Mineral,Dây da,Eco-Drive (Năng lượng ánh sáng),20  ATM,Nhật Bản, Citizen,11340000
AW0076-03X, Nam,43.0mm, Mineral,Dây da,Eco-Drive (Năng lượng ánh sáng),10  ATM,Nhật Bản, Citizen,6354000
CA4503-18L, Nam,41.0mm, Mineral,Dây da,Eco-Drive (Năng lượng ánh sáng),10  ATM,Nhật Bản, Citizen,8010000
BF2011-51A, Nam,41.0mm, Mineral,Dây kim loại,Quartz (Pin),5  ATM,Nhật Bản, Citizen,2556000
AN3644-53L, Nam,41.0mm, Mineral,Dây kim loại,Eco-Drive (Năng lượng ánh sáng),10  ATM,Nhật Bản, Citizen,4896000
BL8150-86H, Nam,42.0mm, Mineral,Dây kim loại,Eco-Drive (Năng lượng ánh sáng),10  ATM,Nhật Bản, Citizen,9720000
AW1191-51L, Nam,42.0mm, Mineral,Dây kim loại,Eco-Drive (Năng lượng ánh sáng),10  ATM,Nhật Bản, Citizen,4770000
NJ0140-17E, Nam,42.0mm, Sapphire,Dây da,Automatic (Tự động),10  ATM,Nhật Bản, Citizen,9787500
NY4050-03L, Nam,40.0mm, Sapphire,Dây da,Automatic (Tự động),5  ATM,Nhật Bản, Citizen,7906500
AW7020-00A, Nam,41.0mm, Mineral,Dây da,Eco-Drive (Năng lượng ánh sáng),10  ATM,Nhật Bản, Citizen,5067000
CA0773-15E, Nam,43.0mm, Mineral,Dây da,Eco-Drive (Năng lượng ánh sáng),10  ATM,Nhật Bản, Citizen,9166500
BN0159-15X, Nam,42.0mm, Mineral,Dây cao su,Eco-Drive (Năng lượng ánh sáng),10  ATM,Nhật Bản, Citizen,8910000
BN0158-18X, Nam,42.0mm, Mineral,Dây cao su,Eco-Drive (Năng lượng ánh sáng),20  ATM,Nhật Bản, Citizen,8910000
NP1010-01A, Nam,40.0mm, Sapphire,Dây da,Automatic (Tự động),10  ATM,Nhật Bản, Citizen,10980000
AO9003-16A, Nam,42.0mm, Mineral,Dây da,Eco-Drive (Năng lượng ánh sáng),5  ATM,Nhật Bản, Citizen,6354000
AW0078-08L, Nam,43.0mm, Mineral,Dây da,Eco-Drive (Năng lượng ánh sáng),10  ATM,Nhật Bản, Citizen,5625000
NJ0140-25L, Nam,42.0mm, Mineral,Dây da,Automatic (Tự động),5  ATM,Nhật Bản, Citizen,9787500
AP1052-00A, Nam,40.0mm, Mineral,Dây da,Eco-Drive (Năng lượng ánh sáng),5  ATM,Nhật Bản, Citizen,11250000
NH8353-00H, Nam,40.0mm, Mineral,Dây da,Automatic (Tự động),5  ATM,Nhật Bản, Citizen,11250000
NJ0143-19E, Nam,42.0mm, Mineral,Dây da,Automatic (Tự động),5  ATM,Nhật Bản, Citizen,9787500
BX1010-11L, Nam,44.0mm, Mineral,Dây da,Eco-Drive (Năng lượng ánh sáng),20  ATM,Nhật Bản, Citizen,9045000
AO9003-08E, Nam,42.0mm, Mineral,Dây da,Eco-Drive (Năng lượng ánh sáng),5ATM,Nhật Bản, Citizen,6138000
BF2023-01A, Nam,42.0mm, Mineral,Dây da,Quartz (Pin),5ATM,Nhật Bản, Citizen,3510000
CA0452-01P, Nam,40.0mm, Mineral,Dây da,Eco-Drive (Năng lượng ánh sáng),5ATM,Nhật Bản, Citizen,11115000
BV1116-80E, Nam,40.0mm, Mineral,Dây lưới kim loại,Eco-Drive (Năng lượng ánh sáng),5ATM,Nhật Bản, Citizen,6930000
BV1119-14A, Nam,40.0mm, Mineral,Dây da,Eco-Drive (Năng lượng ánh sáng),5ATM,Nhật Bản, Citizen,6286500
BM7460-11E, Nam,40.0mm, Mineral,Dây da,Eco-Drive (Năng lượng ánh sáng),5ATM,Nhật Bản, Citizen,4995000
NJ0110-18L, Nam,40.0mm, Mineral,Dây da,Automatic (Tự động),5ATM,Nhật Bản, Citizen,5490000
RE-AW0002L00B, Nam,38.7mm, Sapphire,Thép không gỉ 316L,Automatic,5ATM,Nhật Bản, Orient,22086000
RE-AW0001B00B, Nam,38.7mm, Sapphire,Thép không gỉ 316L,Automatic,5ATM,Nhật Bản, Orient,22086000
RE-AV0B05E00B, Nam,41mm, Sapphire,Dây da,Automatic,10ATM,Nhật Bản, Orient,23175000
RE-AV0B03B00B, Nam,41mm, Sapphire,Thép không gỉ 316L,Automatic,10ATM,Nhật Bản, Orient,23175000
RE-AV0B02Y00B, Nam,41mm, Sapphire,Thép không gỉ 316L,Automatic,10ATM,Nhật Bản, Orient,23175000
RE-AV0B01S00B, Nam,41mm, Sapphire,Thép không gỉ 316L,Automatic,10ATM,Nhật Bản, Orient,23175000
RE-AV0A04B00B, Nam,43.2mm, Sapphire,Dây da,Automatic,10ATM,Nhật Bản, Orient,31311000
BL1806-20MKBB, Nam,41 mm, sapphire,Dây da,Quartz Japan,5ATM,Đức, Bentley,3628800
BL1806-10MWWI, Nam,41 mm, sapphire,Thép không gỉ 316L,Quartz Japan,5ATM,Đức, Bentley,2721600
BL1806-10MWWB, Nam,41 mm, sapphire,Dây da,Quartz Japan,5ATM,Đức, Bentley,2268000
BL1806-10MWNN, Nam,41 mm, sapphire,Dây da,Quartz Japan,5ATM,Đức, Bentley,2268000
BL1806-10MWDI, Nam,41 mm, sapphire,Thép không gỉ 316L,Quartz Japan,5ATM,Đức, Bentley,2721600
BL1806-10MWNI, Nam,41 mm, sapphire,Thép không gỉ 316L,Quartz Japan,5ATM,Đức, Bentley,2721600
BL1806-10MWBI, Nam,41 mm, sapphire,Thép không gỉ 316L,Quartz Japan,5ATM,Đức, Bentley,2721600
BL1806-10MWDD, Nam,41 mm, sapphire,Dây da,Quartz Japan,5ATM,Đức, Bentley,2268000
BL1784-302WCB, Nam,43.0mm, sapphire,Dây da,Quartz Japan,5ATM,Đức, Bentley,7897976
BL1833-15MWBB, Nam,39.0mm, sapphire,Dây da,Automatic Japan,5ATM,Đức, Bentley,6032880
BL1784-302WBB, Nam,43.0mm, sapphire,Dây da,Quartz Japan,5ATM,Đức, Bentley,7897976
BL1784-302KCD, Nam,43mm, sapphire,Dây da,Quartz Japan,5ATM,Đức, Bentley,7212240
BL1784-252WCB-S, Nam,43mm, sapphire,Dây da,Automatic Japan,5ATM,Đức, Bentley,10841040
BL1784-252WBB-S2-M, Nam,43.0mm, sapphire,Dây da,Automatic Japan,5ATM,Đức, Bentley,10841040
BL1806-10MTWI, Nam,41 mm, sapphire,Thép không gỉ 316L mạ vàng PVD,Quartz Japan,5ATM,Đức, Bentley,2993400
BL1806-10MWBB, Nam,41 mm, sapphire,Dây da,Quartz Japan,5ATM,Đức, Bentley,2268000
BL1806-10MTKI, Nam,41 mm, sapphire,Thép không gỉ 316L mạ vàng PVD,Quartz Japan,5ATM,Đức, Bentley,2993400
BL1806-10MTNI, Nam,41 mm, sapphire (Có thêm chống phản chiếu),Thép không gỉ 316L mạ vàng PVD,Quartz Japan,5ATM,Đức, Bentley,2993400
BL1784-252KNN-S2, Nam,43 mm, sapphire,Dây da,Automatic Japan,5ATM,Đức, Bentley,10931760
BL1784-252KCD-S2, Nam,43 mm, sapphire,Dây da,Automatic Japan,5ATM,Đức, Bentley,10931760
BL1833-15MTWD, Nam,39.0mm, sapphire,Dây da,Automatic Japan,5ATM,Đức, Bentley,6350400
BL1833-15MTNN, Nam,39.0mm, sapphire,Dây da,Automatic Japan,5ATM,Đức, Bentley,6350400
BL1833-15MTKI, Nam,39.0mm, sapphire,Thép không gỉ 316L,Automatic Japan,5ATM,Đức, Bentley,6804000
BL1833-15MTNI, Nam,39.0mm, sapphire,Thép không gỉ 316L,Automatic Japan,5ATM,Đức, Bentley,8004600
BL1784-252KCD-S, Nam,43 mm, sapphire,Dây da,Automatic Japan,5ATM,Đức, Bentley,10931760
BL1833-15MTBI, Nam,39.0mm, sapphire,Thép không gỉ 316L,Automatic Japan,5ATM,Đức, Bentley,6804000
BL1833-15MTBB, Nam,39.0mm, sapphire,Dây da,Automatic Japan,5ATM,Đức, Bentley,6350400
BL1784-252KBB-S2-M, Nam,43.0mm, sapphire,Dây da,Automatic Japan,5ATM,Đức, Bentley,10931760
BL1784-252KBB-S2, Nam,43.0mm, sapphire,Dây da,Automatic Japan,5ATM,Đức, Bentley,10931760
BL1784-202WCB-S, Nam,43.0mm, sapphire,Dây da,Quartz Japan,5ATM,Đức, Bentley,7529400
BL1833-15MKWD, Nam,39.0mm, sapphire,Dây da,Automatic Japan,5ATM,Đức, Bentley,6350400
BL1833-15MKNN, Nam,39.0mm, sapphire,Dây da,Automatic Japan,5ATM,Đức, Bentley,6350400
BL1833-15MKNI, Nam,39.0mm, sapphire,Thép không gỉ 316L mạ vàng PVD,Automatic Japan,5ATM,Đức, Bentley,6804000
BL1833-15MKKI, Nam,39.0mm, sapphire,Thép không gỉ 316L mạ vàng PVD,Automatic Japan,5ATM,Đức, Bentley,6804000
BL1833-15MKKD, Nam,39.0mm, sapphire,Dây da,Automatic Japan,5ATM,Đức, Bentley,6350400
BL1833-15MKBI, Nam,39.0mm, sapphire,Thép không gỉ 316L mạ vàng PVD,Automatic Japan,5ATM,Đức, Bentley,6804000
BL1833-15MKBB, Nam,39.0mm, sapphire,Dây da,Automatic Japan,5ATM,Đức, Bentley,6350400
BL1784-202WBB-S, Nam,43.0mm, sapphire,Dây da,Quartz Japan,5ATM,Đức, Bentley,7529760
BL1784-202KCD-S, Nam,43.0mm, sapphire,Dây da,Quartz Japan,5ATM,Đức, Bentley,8028720
BL1855-10MKNN, Nam,41mm, sapphire (Chống lóa),Độ chịu nước30M,Quartz Japan,5ATM,Đức, Bentley,4055718
BL1831-25MKNI, Nam,41mm, sapphire,Thép không gỉ 316L mạ vàng PVD,Automatic Japan,5ATM,Đức, Bentley,6395760
BL1831-25MKKI, Nam,41mm, sapphire,Thép không gỉ 316L mạ vàng PVD,Automatic Japan,5ATM,Đức, Bentley,6395760
BL1831-25MKKD, Nam,41mm, sapphire,Dây da chính hãng,Automatic Japan,5ATM,Đức, Bentley,6168960
BL1831-25MKDI, Nam,41mm, sapphire,Thép không gỉ 316L mạ vàng PVD,Automatic Japan,5ATM,Đức, Bentley,6395760
BL1784-152KCB, Nam,43.0mm, sapphire,Dây da,Quartz Japan,5ATM,Đức, Bentley,9026640
BL1831-25MKBI, Nam,41mm, sapphire,Thép không gỉ 316L mạ vàng PVD,Automatic Japan,5ATM,Đức, Bentley,7524000
BL1831-25MKBI, Nam,41mm, sapphire,Thép không gỉ 316L mạ vàng PVD,Automatic Japan,5ATM,Đức, Bentley,6395760
BL1784-102WCB-S, Nam,43.0mm, sapphire,Dây da,Quartz Japan,5ATM,Đức, Bentley,10619576
BL1862-15MKNN, Nam,40mm, sapphire,Dây da,Automatic Japan,5ATM,Đức, Bentley,7257600
BL1806-10MTBI, Nam,41 mm, sapphire (Có thêm chống phản chiếu),Thép không gỉ 316L mạ vàng PVD,Quartz Japan,5ATM,Đức, Bentley,2993400
BL1806-10MKWI, Nam,41 mm, sapphire,Thép không gỉ 316L mạ vàng PVD,Quartz Japan,5ATM,Đức, Bentley,2993400
BL1862-15MKKD, Nam,40mm, sapphire,Dây da,Automatic Japan,5ATM,Đức, Bentley,7257600
BL1784-102WBB-S, Nam,43 mm, sapphire,Dây da,Quartz Japan,5ATM,Đức, Bentley,9026640
BL1862-15MKDD, Nam,41 mm, sapphire,Dây da,Automatic Japan,5ATM,Đức, Bentley,7257600
BL1862-15MKBB, Nam,40mm, sapphire,Dây da,Automatic Japan,5ATM,Đức, Bentley,7257600
BL1784-102KCD-S, Nam,43.0 mm, sapphire,Dây da,Quartz Japan,5ATM,Đức, Bentley,11206588
BL1696-20WWB, Nam,43.0mm, sapphire,Dây vải dù,Quartz Japan,10 ATM,Đức, Bentley,5488560
BL1806-10MKWB, Nam,41 mm, sapphire,Dây da,Quartz Japan,5ATM,Đức, Bentley,2403900
BL1806-10MKNN, Nam,41 mm, sapphire,Dây da,Quartz Japan,5ATM,Đức, Bentley,2403900
BL1808-10MWWB, Nam,39mm, sapphire,Dây da,Quartz Japan,3 ATM,Đức, Bentley,3582000
BL1696-20WNB, Nam,43.0mm, sapphire,Thép không gỉ 316L,Quartz Japan,10 ATM,Đức, Bentley,6214320
BL1696-20WBB, Nam,43.0mm, sapphire,Dây da,Quartz Japan,10 ATM,Đức, Bentley,5488560
BL1696-10WWB, Nam,43.0mm, sapphire,Dây da,Quartz Japan,10 ATM,Đức, Bentley,5488560
BL1806-10MKNI, Nam,41 mm, sapphire,Thép không gỉ 316L mạ vàng PVD,Quartz Japan,5ATM,Đức, Bentley,2993400
BL1806-10MKKI, Nam,41 mm, sapphire,Thép không gỉ 316L mạ vàng PVD,Quartz Japan,5ATM,Đức, Bentley,2993400
BL1806-10MKBI, Nam,41 mm, sapphire,Thép không gỉ 316L mạ vàng PVD,Quartz Japan,5ATM,Đức, Bentley,2993400
BL1806-10MKKD, Nam,41 mm, sapphire,Dây da,Quartz Japan,5ATM,Đức, Bentley,2004912
BL1831-25MKBB, Nam,41mm, sapphire,Dây da chính hãng,Automatic Japan,5ATM,Đức, Bentley,6168960
BL1831-15MWWI, Nam,41mm, sapphire,Thép không gỉ 316L,Automatic Japan,5ATM,Đức, Bentley,7983360
BL1696-10WNB, Nam,43.0mm, sapphire,Dây da,Quartz Janpan,10 ATM,Đức, Bentley,5488560
BL1696-10WBB, Nam,43.0mm, sapphire,Dây da,Quartz Janpan,10 ATM,Đức, Bentley,5488560
BL1831-15MWWB, Nam,41mm, sapphire,Dây da chính hãng,Automatic Japan,5ATM,Đức, Bentley,8858700
BL1696-10TBI, Nam,43.0mm, sapphire,Thép không gỉ 316L,Quartz Janpan,10 ATM,Đức, Bentley,6758640
BL1806-10MKBB, Nam,41 mm, sapphire,Dây da,Quartz Janpan,5ATM,Đức, Bentley,2403900
BL1805-20MKWD, Nam,39mm, sapphire (Chống lóa),Độ chịu nước30M,Quartz Janpan,5ATM,Đức, Bentley,2630700
BL1696-10RBB, Nam,43.0mm, sapphire,Dây da,Quartz Janpan,100M,Đức, Bentley,5806080
BL1690-20473, Nam,42.0mm, sapphire,Dây da,Quartz Janpan,5ATM,Đức, Bentley,5443200
BL1690-20011, Nam,42.0mm, sapphire,Dây da,Quartz Janpan,5ATM,Đức, Bentley,5080320
BL1690-20001, Nam,42.0mm, sapphire,Dây da,Quartz Janpan,5ATM,Đức, Bentley,5080320
RGA8219-YLB, Nam,40 mm,Sapphire,Chất liệu vỏThép không gỉ 316L,Automatic Japan,5ATM,Thụy Sĩ, Reef Tiger,5985000
RGA8219-YBB, Nam,40 mm,Sapphire,Chất liệu vỏThép không gỉ 316L,Automatic Japan,5ATM,Thụy Sĩ, Reef Tiger,5985000
RGA8236-YLY, Nam,40 mm,Sapphire,Chất liệu vỏThép không gỉ 316L,Automatic Japan,5ATM,Thụy Sĩ, Reef Tiger,5670000
GA8236-YBY, Nam,40 mm,Sapphire,Chất liệu vỏThép không gỉ 316L,Automatic Japan,5ATM,Thụy Sĩ, Reef Tiger,5670000
RGA161-PBS, Nam,42 mm,Sapphire,Chất liệu vỏThép không gỉ 316L,Automatic Japan,5ATM,Thụy Sĩ, Reef Tiger,5400000
RGA161-YWB, Nam,42 mm,Sapphire,Chất liệu vỏThép không gỉ 316L,Automatic Japan,5ATM,Thụy Sĩ, Reef Tiger,5175000
DW-6900MS-1HDR, Nam,50 mm, khoáng,Nhựa,Quartz Japan,20 ATM,Nhật Bản, Casio,2376900
DW-6900NB-1DR, Nam,50 mm, khoáng,Nhựa,Quartz Japan,20 ATM,Nhật Bản, Casio,2376900
DW-6900NB-1HDR, Nam,50 mm, khoáng,Nhựa,Quartz Japan,20 ATM,Nhật Bản, nam,2376900
DW-6900NB-3HDR, Nam,50 mm, khoáng,Nhựa,Quartz Japan,20 ATM,Nhật Bản, Casio,2221200
DW-6900NB-4HDR, Nam,50 mm, khoáng,Nhựa,Quartz Japan,20 ATM,Nhật Bản, Casio,2221200
DW-6900NB-7DR, Nam,50 mm, khoáng,Nhựa,Quartz Japan,20 ATM,Nhật Bản, Casio,2376900
DW-6900NB-7HDR, Nam,50 mm, khoáng,Nhựa,Quartz Japan,20 ATM,Nhật Bản, Casio,2376900
DW-6900SD-8DR, Nam,50 mm, khoáng,Nhựa,Quartz Japan,20 ATM,Nhật Bản, Casio,2998800
DW-6900ZB-2DR, Nam,50 mm, khoáng,Nhựa,Quartz Japan,20 ATM,Nhật Bản, Casio,3686400
DW-6900ZB-3DR, Nam,50 mm, khoáng,Nhựa,Quartz Japan,20 ATM,Nhật Bản, Casio,3686400
DW-6900ZB-8DR, Nam,50 mm, khoáng,Nhựa,Quartz Japan,20 ATM,Nhật Bản, Casio,3686400
DW-6900ZB-9DR, Nam,50 mm, khoáng,Nhựa,Quartz Japan,20 ATM,Nhật Bản, Casio,3686400
DW-6930BS-8DR, Nam,51.2 mm, khoáng,Nhựa,Quartz Japan,20 ATM,Nhật Bản, Casio,4485600
DW-6930C-1DR, Nam,50mm, khoáng,Nhựa,Quartz Japan,20 ATM,Nhật Bản, Casio,3686400
DW-9052-1VDR, Nam,43mm, khoáng,Nhựa,Quartz Japan,20 ATM,Nhật Bản, nam,1799100
DW-9052-1VHDR, Nam,43mm, khoáng,Nhựa,Quartz Japan,20 ATM,Nhật Bản, Casio,1799100
DW-9052-2VHDR, Nam,43 mm, khoáng,Nhựa,Quartz Japan,20 ATM,Nhật Bản, Casio,1799100
DW-9052V-1DR, Nam,43 mm, khoáng,Nhựa,Quartz Japan,20 ATM,Nhật Bản, Casio,2599200
G-6900A-9HDR, Nam,43 mm, khoáng,Nhựa,Quartz Japan,20 ATM,Nhật Bản, Casio,3109500
G-8900CS-8DR, Nam,43 mm, khoáng,Nhựa,Quartz Japan,20 ATM,Nhật Bản, Casio,3087000
G-9000-1VDR, Nam,46.3 mm, khoáng,Nhựa,Quartz Japan,20 ATM,Nhật Bản, Casio,2620800
G-9000-1VSDR, Nam,46.3 mm, khoáng,Nhựa,Quartz Japan,20 ATM,Nhật Bản, Casio,2620800
G-9000-3VDR, Nam,46.3 mm, khoáng,Nhựa,Quartz Japan,20 ATM,Nhật Bản, Casio,2620800
G-9000-3VHDR, Nam,46.3 mm, khoáng,Nhựa,Quartz Japan,20 ATM,Nhật Bản, Casio,2620800
G-9000-3VSDR, Nam,46.3 mm, khoáng,Nhựa,Quartz Japan,20 ATM,Nhật Bản, Casio,2620800
G-9000MS-1DR, Nam,46.3 mm, khoáng,Nhựa,Quartz Japan,20 ATM,Nhật Bản, Casio,3286800
G-9000MX-8DR, Nam,46.3 mm, khoáng,Nhựa,Quartz Japan,20 ATM,Nhật Bản, Casio,3109500
GW-1501-1AVDR, Nam,46.3 mm, khoáng,Nhựa,Quartz Japan,20 ATM,Nhật Bản, Casio,2931300
GW-9400BTJ-8DR, Nam,53.5 mm, khoáng,Nhựa,Touch Solar,20 ATM,Nhật Bản, Casio,12947400
GW-9400SRJ-4DR, Nam,53.5 mm, khoáng,Nhựa,Touch Solar,20 ATM,Nhật Bản, Casio,12148200
GWF-D1035B-1DR, Nam,53.5 mm, khoáng,Nhựa,Touch Solar,20 ATM,Nhật Bản, Casio,33422400
GWG-100GB-1ADR, Nam,51.2 mm, khoáng,Nhựa,Quartz Japan,20 ATM,Nhật Bản, Casio,21629700
GWN-100GB-1ADR, Nam,51.2 mm, khoáng,Nhựa,Quartz Japan,20 ATM,Nhật Bản, Casio,15101100
GWX-5600C-4DR, Nam,42.8 mm, khoáng,Nhựa,Quartz Japan,20 ATM,Nhật Bản, Casio,4707900
GWX-5600C-4SDR, Nam,42.8 mm, khoáng,Nhựa,Quartz Japan,20 ATM,Nhật Bản, Casio,4707900
GWX-5600C-7DR, Nam,42.8 mm, khoáng,Nhựa,Quartz Japan,20 ATM,Nhật Bản, Casio,4707900
GWX-B5000-1-12, Nam,42.8 mm, khoáng,Dây kim loại,Quartz Japan,20 ATM,Nhật Bản, nam,16285500
GMW-B500TFG-9DR-12, Nam,42.8 mm, khoáng,Nhựa,Quartz Japan,20 ATM,Nhật Bản, Casio,18654300
DW-5035D-1BDR, Nam,42.8 mm, khoáng,Nhựa,Quartz Japan,20 ATM,Nhật Bản, Casio,5841000
DW-5600MW-7DR, Nam,42.8 mm, khoáng,Nhựa,Quartz Japan,20 ATM,Nhật Bản, Casio,2887200
DW-5735D-1BDR, Nam,42.8 mm, khoáng,Nhựa,Quartz Japan,20 ATM,Nhật Bản, Casio,5562900
GA-110MW-7ADR, Nam,42.8 mm, khoáng,Nhựa,Quartz Japan,20 ATM,Nhật Bản, Casio,3375900
GA-110MW-7A, Nam,51.2 mm, khoáng,Nhựa,Quartz Japan,20 ATM,Nhật Bản, Casio,3952800
GAX-100CSB-2ADR, Nam,51.2 mm, khoáng,Nhựa,Quartz Japan,20 ATM,Nhật Bản, Casio,3997800
GAX-100CSB-4ADR, Nam,51.2 mm, khoáng,Nhựa,Quartz Japan,20 ATM,Nhật Bản, Casio,3997800
